date,site,assay,chapter,time,reviewer1SpeciesCm,reviewer1SpeciesGn,reviewer1SpeciesSc,reveiwer1 Count,reviewer1Size,reviewer1Blade
10/15/2020,IC-C1,1,GH010010.MP4,2:47,Redband Parrotfish ,Sparisoma,S. aurofrenatum ,1,Mature Adult,2
10/15/2020,IC-C1,1,GH010010.MP4,3:24,Redband Parrotfish ,Sparisoma,S. aurofrenatum ,1,Mature Adult,1
10/15/2020,IC-C1,1,GH010010.MP4,3:24,Redband Parrotfish ,Sparisoma,S. aurofrenatum ,1,Mature Adult,4
10/15/2020,IC-C1,1,GH010010.MP4,5:25,Redband Parrotfish ,Sparisoma,S. aurofrenatum ,1,Mature Adult,3
10/15/2020,IC-C1,1,GH020010.MP4,0:05,Redband Parrotfish ,Sparisoma,S. aurofrenatum ,1,Mature Adult,3
10/15/2020,IC-C1,1,GH020010.MP4,5:00,Redband Parrotfish ,Sparisoma,S. aurofrenatum ,1,Mature Adult,2
10/15/2020,IC-C1,1,GH020010.MP4,6:16,Stoplight Parrotfish ,Sparisoma,S. viride,1,Initial Phase,5
10/15/2020,IC-C1,1,GH020010.MP4,8:42,Redband Parrotfish ,Sparisoma,S. aurofrenatum ,1,Juvinile/Initial Phase,1
10/15/2020,IC-C1,1,GH020010.MP4,10:19,Redband Parrotfish ,Sparisoma,S. aurofrenatum ,1,Juvinile/Initial Phase,1
10/15/2020,IC-C1,1,GH030010.MP4,4:19,Redband Parrotfish ,Sparisoma,S. aurofrenatum ,1,Mature Adult,2
10/15/2020,IC-C1,1,GH030010.MP4,4:22,Redband Parrotfish ,Sparisoma,S. aurofrenatum ,1,Juvinile/Initial Phase,1
10/15/2020,IC-C1,1,GH030010.MP4,4:38,Redband Parrotfish ,Sparisoma,S. aurofrenatum ,1,Juvinile/Initial Phase,1
10/15/2020,IC-C1,1,GH070010.MP4,9:57,Redband Parrotfish ,Sparisoma,S. aurofrenatum ,1,Juvinile/Initial Phase,1
10/15/2020,IC-C1,2,GH020010.MP4,6:05,Redband Parrotfish ,Sparisoma,S. aurofrenatum ,1,Juvinile/Initial Phase,2
10/15/2020,IC-C1,2,GH040010.MP4,1:04,Redband Parrotfish ,Sparisoma,S. aurofrenatum ,1,Juvinile/Initial Phase,1
10/15/2020,IC-C1,2,GH040010.MP4,3:37,Redtail Parrotfish,Sparisoma,S. chrysopertum ,1,Mature Adult,"2,3"
10/15/2020,IC-C1,2,GH040010.MP4,4:23,Redtail Parrotfish,Sparisoma,S. chrysopertum ,1,Mature Adult,"3,4"
10/15/2020,IC-C1,2,GH040010.MP4,4:51,Redband Parrotfish ,Sparisoma,S. aurofrenatum ,1,Mature Adult,"2,4"
10/15/2020,IC-C1,2,GH040010.MP4,5:40,Redtail Parrotfish,Sparisoma,S. chrysopertum ,1,Mature Adult,"4,5"
10/15/2020,IC-C1,2,GH040010.MP4,7:56,Redtail Parrotfish,Sparisoma,S. chrysopertum ,1,Mature Adult,5
10/15/2020,IC-C1,2,GH040010.MP4,8:36,Redtail Parrotfish,Sparisoma,S. chrysopertum ,1,Mature Adult,4
10/15/2020,IC-C1,2,GH040010.MP4,9:41,Redtail Parrotfish,Sparisoma,S. chrysopertum ,1,Mature Adult,4
10/15/2020,IC-C1,2,GH050010.MP4,0:15,Redtail Parrotfish,Sparisoma,S. chrysopertum ,1,Mature Adult,"4,5"
10/15/2020,IC-C1,2,GH050010.MP4,6:27,Redtail Parrotfish,Sparisoma,S. chrysopertum ,1,Mature Adult,2
10/15/2020,IC-C2,1,GH027335,4:40,Redband Parrotfish ,Sparisoma,S. aurofrenatum ,1,Intermediate Juvinile,2
10/15/2020,IC-C2,1,GH027335,4:44,Redband Parrotfish ,Sparisoma,S. aurofrenatum ,1,Intermediate Juvinile,1
10/15/2020,IC-C2,1,GH027335,4:49,Redband Parrotfish ,Sparisoma,S. aurofrenatum ,1,Intermediate Juvinile,"1,2"
10/15/2020,IC-C2,2,GX010297,0:51,Redband Parrotfish ,Sparisoma,S. aurofrenatum ,1,Initial Phase,"5,4"
10/15/2020,IC-C2,2,GX010297,2:18,Redband Parrotfish ,Sparisoma,S. aurofrenatum ,1,Initial Phase,5
10/15/2020,IC-C2,2,GX010297,3:14,Redband Parrotfish ,Sparisoma,S. aurofrenatum ,1,Initial Phase,"2,3"
10/15/2020,IC-C2,2,GX010297,4:04,Redband Parrotfish ,Sparisoma,S. aurofrenatum ,1,Intermediate juvinile,2
10/15/2020,IC-C2,2,GX010297,4:50,Redband Parrotfish ,Sparisoma,S. aurofrenatum ,1,Terminal Phase,1
10/15/2020,IC-C2,2,GX010297,5:51,Redband Parrotfish ,Sparisoma,S. aurofrenatum ,1,Initial Phase,5
10/15/2020,IC-C2,2,GX010297,5:58,Redband Parrotfish ,Sparisoma,S. aurofrenatum ,1,Initial Phase,"2,3"
10/15/2020,IC-C2,2,GX010297,6:53,Redband Parrotfish ,Sparisoma,S. aurofrenatum ,1,Initial Phase,1
10/15/2020,IC-C2,2,GX010297,8:32,Redband Parrotfish ,Sparisoma,S. aurofrenatum ,1,Initial Phase,3
10/15/2020,IC-C2,2,GX010297,9:11,Redband Parrotfish ,Sparisoma,S. aurofrenatum ,1,Initial Phase,1
10/15/2020,IC-C2,2,GX010297,9:59,Redband Parrotfish ,Sparisoma,S. aurofrenatum ,1,Intermediate Juvinile,2
10/15/2020,IC-C2,2,GX020297,4:35,Redband Parrotfish ,Sparisoma,S. aurofrenatum ,1,Intermediate Juvinile,1
10/15/2020,IC-C2,2,GX020297,7:22,Redband Parrotfish ,Sparisoma,S. aurofrenatum ,1,Intermediate Juvinile,1
10/14/2020,IC-U1,1,GOPR9932,2:54,Bicolor Damselfish,Stegastes,S. partitus,1,Adult,1
10/14/2020,IC-U1,1,GOPR9932,4:14,Bicolor Damselfish,Stegastes,S. partitus,1,Adult,2
10/14/2020,IC-U1,1,GOPR9932,4:36,Beauregory,Stegastes,S. leucostictus ,1,Adult,5
10/14/2020,IC-U1,1,GOPR9932,4:55,Bicolor Damselfish,Stegastes,S. partitus,1,Adult,2
10/14/2020,IC-U1,1,GOPR9932,5:31,Bicolor Damselfish,Stegastes,S. partitus,1,Adult,1
10/14/2020,IC-U1,1,GOPR9932,6:17,Bicolor Damselfish,Stegastes,S. partitus,1,Adult,3
10/14/2020,IC-U1,1,GOPR9932,7:48,Beauregory,Stegastes,S. leucostictus ,1,Adult,"2,3"
10/14/2020,IC-U1,1,GOPR9932,8:53,Beauregory,Stegastes,S. leucostictus ,1,Adult,"1,2"
10/14/2020,IC-U1,1,GOPR9932,9:47,Bicolor Damselfish,Stegastes,S. partitus,1,Adult,5
10/14/2020,IC-U1,1,GOPR9932,10:20,Beauregory,Stegastes,S. leucostictus ,1,Adult,2
10/14/2020,IC-U1,1,GOPR9932,10:51,Beauregory,Stegastes,S. leucostictus ,1,Adult,"1,3"
10/14/2020,IC-U1,1,GOPR9932,11:25,Yellowtail Parrotfish,Sparisoma,S. rubripinne,1,Initial-Terminal,2
10/14/2020,IC-U1,1,GP019932,1:12,Beauregory,Stegastes,S. leucostictus ,1,Adult,1
10/14/2020,IC-U1,1,GP019932,3:28,Beauregory,Stegastes,S. leucostictus ,1,Adult,"1,2,3"
10/14/2020,IC-U1,1,GP019932,4:18,Bicolor Damselfish,Stegastes,S. partitus,1,Adult,2
10/14/2020,IC-U1,1,GP019932,4:28,Beauregory,Stegastes,S. leucostictus ,1,Adult,"4,5"
10/14/2020,IC-U1,1,GP019932,4:47,Beauregory,Stegastes,S. leucostictus ,1,Adult,"1,2"
10/14/2020,IC-U1,1,GP019932,6:33,Beauregory,Stegastes,S. leucostictus ,1,Adult,5
10/14/2020,IC-U1,1,GP019932,7:49,Beauregory,Stegastes,S. leucostictus ,1,Adult,1
10/14/2020,IC-U1,1,GP019932,8:21,Bicolor Damselfish,Stegastes,S. partitus,1,Adult,2
10/14/2020,IC-U1,1,GP019932,10:04,Beauregory,Stegastes,S. leucostictus ,1,Adult,2
10/14/2020,IC-U1,1,GP019932,10:12,Bicolor Damselfish,Stegastes,S. partitus,1,Juvinile,1
10/14/2020,IC-U1,1,GP029932,0:19,Beauregory,Stegastes,S. leucostictus ,1,Adult,3
10/14/2020,IC-U1,1,GP029932,0:37,Princess Parrotfish ,Scarus,S. taeniopterus,1,Initial Phase,"3,4"
10/14/2020,IC-U1,1,GP029932,1:25,Beauregory,Stegastes,S. leucostictus ,1,Adult,2
10/14/2020,IC-U1,1,GP029932,2:52,Princess Parrotfish ,Scarus,S. taeniopterus,1,Initial Phase,
10/14/2020,IC-U1,1,GP029932,3:36,Beauregory,Stegastes,S. leucostictus ,1,Adult,2
10/14/2020,IC-U1,1,GP029932,5:49,Yellowtail Parrotfish,Sparisoma,S. rubripinne,1,Initial phase ,1
10/14/2020,IC-U1,1,GP029932,6:10,Beauregory,Stegastes,S. leucostictus ,1,Adult,4
10/14/2020,IC-U1,1,GP029932,8:28,Beauregory,Stegastes,S. leucostictus ,1,Adult,"2,3"
10/14/2020,IC-U1,1,GP039932,7:54,Yellowtail Parrotfish,Sparisoma,S. rubripinne,1,Initial phase ,2
10/14/2020,IC-U1,1,GP039932,9:08,Yellowtail Parrotfish,Sparisoma,S. rubripinne,1,Initial phase ,1
10/14/2020,IC-U1,1,GP039932,10:06,Bicolor Damselfish,Stegastes,S. partitus,1,Juvinile,"3,4"
10/14/2020,IC-U1,1,GP039932,10:07,Yellowtail Parrotfish,Sparisoma,S. rubripinne,1,Initial phase ,1
10/14/2020,IC-U1,1,GP039932,11:07,Bicolor Damselfish,Stegastes,S. partitus,1,Adult,3
10/14/2020,IC-U1,1,GP039932,11:19,Beauregory,Stegastes,S. leucostictus ,1,Adult,3
10/14/2020,IC-U1,1,GP049932,7:53,Beauregory,Stegastes,S. leucostictus ,1,Adult,4
10/14/2020,IC-U1,1,GP049932,9:36,Beauregory,Stegastes,S. leucostictus ,1,Adult,"3,5"
10/14/2020,IC-U1,1,GP059932,10:08,Ocean Surgeonfish,Acanthurus,A. bahianus ,1,Adult,2
10/14/2020,IC-U1,1,GP059932,10:36,Yellowtail Parrotfish,Sparisoma,S. rubripinne,1,Initial phase ,"1,2,5"
10/14/2020,IC-U1,1,GP069932,7:59,Redband Parrotfish ,Sparisoma,S. aurofrenatum ,1,Terminal Phase,5
10/14/2020,IC-U1,1,GP069932,8:07,Bicolor Damselfish,Stegastes,S. partitus,1,Adult,3
10/14/2020,IC-U1,1,GP069932,10:04,Ocean Surgeonfish,Acanthurus,A. bahianus ,1,Adult,4
10/14/2020,IC-U1,1,GP069932,11:49,Ocean Surgeonfish,Acanthurus,A. bahianus ,1,Adult,3
10/14/2020,IC-U1,1,GP079932,10:19,Yellowtail Parrotfish,Sparisoma,S. rubripinne,1,Initial Phase,"4,5"
10/14/2020,IC-U1,1,GP089932,9:24,Foureye Butterflyfish,Chaetodon,C. capistratus,1,Adult,4
10/14/2020,IC-U1,1,GP099932,1:10,Bicolor Damselfish,Stegastes,S. partitus,1,Adult,"2,4"
10/14/2020,IC-U1,1,GP099932,3:18,Bicolor Damselfish,Stegastes,S. partitus,1,Adult,2
10/14/2020,IC-U1,1,GP099932,4:50,Yellowtail Parrotfish,Sparisoma,S. rubripinne,1,Initial Phase,"2,3,4"
10/14/2020,IC-U1,2,GOPR2102,8:35,Redband Parrotfish ,Sparisoma,S. aurofrenatum ,1,Terminal Phase,"2,3,4"
10/14/2020,IC-U1,2,GOPR2102,10:26,Redband Parrotfish ,Sparisoma,S. aurofrenatum ,1,Intermediate Juvinile,5
10/14/2020,IC-U1,2,GP022102,8:33,Redband Parrotfish ,Sparisoma,S. aurofrenatum ,1,Terminal Phase,"4,5"
10/14/2020,IC-U1,2,GP022102,10:15,Yellowtail Parrotfish,Sparisoma,S. rubripinne,1,Initial Phase,"2,3"
10/14/2020,IC-U1,2,GP022102,11:08,Redband Parrotfish ,Sparisoma,S. aurofrenatum ,1,Intermediate Juvinile,5
10/14/2020,IC-U1,2,GP042102,0:37,Redband Parrotfish ,Sparisoma,S. aurofrenatum ,1,Terminal Phase,"2,3,4,5"
10/14/2020,IC-U1,2,GP042102,3:54,Yellowtail Parrotfish,Sparisoma,S. rubripinne,1,Initial Phase,"4,5"
10/14/2020,IC-U1,2,GP042102,5:55,Redband Parrotfish ,Sparisoma,S. aurofrenatum ,1,Terminal Phase,"4,5"
10/14/2020,IC-U1,2,GP052102,0:07,Yellowtail Parrotfish,Sparisoma,S. rubripinne,1,Initial Phase,4
10/14/2020,IC-U1,2,GP052102,3:55,Redband Parrotfish ,Sparisoma,S. aurofrenatum ,1,Terminal Phase,"4,5"
10/14/2020,IC-U1,2,GP072102,0:52,Ocean Surgeonfish,Acanthurus,A. bahianus ,1,Adult,4
10/14/2020,IC-U1,2,GP082102,10:48,Ocean Surgeonfish,Acanthurus,A. bahianus ,1,Adult,4
10/14/2020,IC-U1,2,GP092102,1:47,Ocean Surgeonfish,Acanthurus,A. bahianus ,1,Adult,4
10/14/2020,IC-U2,1,GH010009,7:47,Redband Parrotfish ,Sparisoma,S. aurofrenatum ,1,Initial/juvinile Phase,"2,3"
10/14/2020,IC-U2,1,GH010009,4:06,Bicolor Damselfish,Stegastes,S. partitus,1,Adult,1
10/14/2020,IC-U2,1,GH010009,6:51,Redband Parrotfish ,Sparisoma,S. aurofrenatum ,1,Adult,3
10/14/2020,IC-U2,1,GH010009,11:12,Redband Parrotfish ,Sparisoma,S. aurofrenatum ,1,Adult,"2,4"
10/14/2020,IC-U2,1,GH010009,11:47,Redband Parrotfish ,Sparisoma,S. aurofrenatum ,1,Initial/juvinile Phase,"2,4,5"
10/14/2020,IC-U2,1,GH010009,0:29,Redband Parrotfish ,Sparisoma,S. aurofrenatum ,1,Initial/juvinile Phase,2
10/14/2020,IC-U2,1,GH010009,1:42,Redband Parrotfish ,Sparisoma,S. aurofrenatum ,1,Initial Phase,1
10/14/2020,IC-U2,1,GH010009,11:19,Redband Parrotfish ,Sparisoma,S. aurofrenatum ,1,Initial/juvinile Phase,5
10/14/2020,IC-U2,1,GH020009,4:43,Yellowtail Parrotfish,Sparisoma,S. rubripinne,1,Initial Phase,"2,4"
10/14/2020,IC-U2,1,GH020009,5:20,Yellowtail Parrotfish,Sparisoma,S. rubripinne,1,Initial Phase,4
10/14/2020,IC-U2,1,GH020009,6:09,Redband Parrotfish ,Sparisoma,S. aurofrenatum ,1,Initial/juvinile Phase,3
10/14/2020,IC-U2,1,GH020009,6:51,Redband Parrotfish ,Sparisoma,S. aurofrenatum ,1,Initial Phase,1
10/14/2020,IC-U2,1,GH020009,8:04,Yellowtail Parrotfish,Sparisoma,S. rubripinne,1,Initial Phase,1
10/14/2020,IC-U2,1,GH020009,8:20,Yellowtail Parrotfish,Sparisoma,S. rubripinne,1,Initial Phase,5
10/14/2020,IC-U2,1,GH020009,8:32,Redband Parrotfish ,Sparisoma,S. aurofrenatum ,1,Initial Phase,2
10/14/2020,IC-U2,1,GH020009,9:55,Yellowtail Parrotfish,Sparisoma,S. rubripinne,1,Initial Phase,5
10/14/2020,IC-U2,1,GH020009,10:03,Yellowtail Parrotfish,Sparisoma,S. rubripinne,1,Initial Phase,"1,4,5"
10/14/2020,IC-U2,1,GH020009,10:17,Redband Parrotfish ,Sparisoma,S. aurofrenatum ,1,Adult,3
10/14/2020,IC-U2,1,GH020009,10:45,Redband Parrotfish ,Sparisoma,S. aurofrenatum ,1,Initial Phase,5
10/14/2020,IC-U2,1,GH020009,11:47,Yellowtail Parrotfish,Sparisoma,S. rubripinne,1,Initial Phase,1
10/14/2020,IC-U2,1,GH030009,0:09,Redband Parrotfish ,Sparisoma,S. aurofrenatum ,1,Initial Phase,"1,2,3"
10/14/2020,IC-U2,1,GH030009,7:08,Redband Parrotfish ,Sparisoma,S. aurofrenatum ,1,Initial Phase,"2,3"
10/14/2020,IC-U2,1,GH030009,7:40,Redband Parrotfish ,Sparisoma,S. aurofrenatum ,1,Juvinile Phase,3
10/14/2020,IC-U2,1,GH030009,7:42,Redband Parrotfish ,Sparisoma,S. aurofrenatum ,1,Initial Phase,2
10/14/2020,IC-U2,1,GH040009,2:11,Bicolor Damselfish,Stegastes,S. partitus,1,Adult,2
10/14/2020,IC-U2,1,GH040009,6:04,Redband Parrotfish ,Sparisoma,S. aurofrenatum ,1,Initial Phase,3
10/14/2020,IC-U2,1,GH040009,11:28,Redband Parrotfish ,Sparisoma,S. aurofrenatum ,1,Initial Phase,2
10/14/2020,IC-U2,1,GH060009,7:55,Redband Parrotfish ,Sparisoma,S. aurofrenatum ,1,Initial Phase,2
10/14/2020,IC-U2,2,GH010009,9:35,Redband Parrotfish ,Sparisoma,S. aurofrenatum ,1,Initial Phase,2
10/14/2020,IC-U2,2,GH020009,9:26,Redband Parrotfish ,Sparisoma,S. aurofrenatum ,1,Juvinile Phase,5
10/14/2020,IC-U2,2,GH030009,1:28,Redtail Parrotfish,Sparisoma,S. chrysopertum ,1,Initial Phase,3
10/14/2020,IC-U2,2,GH030009,1:29,Yellowtail Parrotfish,Sparisoma,S. rubripinne,1,Initial Phase,3
10/14/2020,IC-U2,2,GH030009,1:32,Redtail Parrotfish,Sparisoma,S. chrysopertum ,1,Initial Phase,3
10/14/2020,IC-U2,2,GH030009,1:41,Redtail Parrotfish,Sparisoma,S. chrysopertum ,1,Initial Phase,3
10/14/2020,IC-U2,2,GH030009,1:43,Redtail Parrotfish,Sparisoma,S. chrysopertum ,1,Initial Phase,3
10/14/2020,IC-U2,2,GH030009,1:46,Redtail Parrotfish,Sparisoma,S. chrysopertum ,1,Initial Phase,3
10/14/2020,IC-U2,2,GH030009,3:43,Yellowtail Parrotfish,Sparisoma,S. rubripinne,1,Initial Phase,"1,3,5"
10/14/2020,IC-U2,2,GH030009,10:06,Yellowtail Parrotfish,Sparisoma,S. rubripinne,1,Initial Phase,3
10/14/2020,IC-U2,2,GH030009,10:11,Redtail Parrotfish,Sparisoma,S. chrysopertum ,1,Terminal Phase,1
10/14/2020,IC-U2,2,GH040009,0:34,Yellowtail Parrotfish,Sparisoma,S. rubripinne,1,Initial Phase,5
10/14/2020,IC-U2,2,GH070009,1:04,Redband Parrotfish ,Sparisoma,S. aurofrenatum ,1,Terminal Phase,1
10/14/2020,IC-U2,2,GH070009,9:34,Redband Parrotfish ,Sparisoma,S. aurofrenatum ,1,Terminal Phase,1
10/15/2020,IC-Z1,1,GOPR0217,1:56,Bicolor Damselfish,Stegastes,S. partitus,1,Adult,4
10/15/2020,IC-Z1,1,GP010217,3:58,Redtail Parrotfish,Sparisoma,S. chrysopertum ,1,Terminal Phase,3
10/15/2020,IC-Z1,1,GP010217,4:11,Redtail Parrotfish,Sparisoma,S. chrysopertum ,1,Initial Phase,1
10/15/2020,IC-Z1,1,GP010217,4:14,Redtail Parrotfish,Sparisoma,S. chrysopertum ,1,Initial Phase,1
10/15/2020,IC-Z1,1,GP010217,4:17,Redtail Parrotfish,Sparisoma,S. chrysopertum ,1,Initial Phase,"1,5"
10/15/2020,IC-Z1,1,GP010217,4:30,Redtail Parrotfish,Sparisoma,S. chrysopertum ,1,Initial Phase,5
10/15/2020,IC-Z1,1,GP010217,4:40,Redtail Parrotfish,Sparisoma,S. chrysopertum ,1,Initial Phase,1
10/15/2020,IC-Z1,1,GP010217,4:45,Redtail Parrotfish,Sparisoma,S. chrysopertum ,1,Initial Phase,1
10/15/2020,IC-Z1,1,GP010217,5:58,Redtail Parrotfish,Sparisoma,S. chrysopertum ,1,Initial Phase,5
10/15/2020,IC-Z1,1,GP010217,5:29,Redtail Parrotfish,Sparisoma,S. chrysopertum ,1,terminial Phase,1
10/15/2020,IC-Z1,1,GP010217,5:35,Redtail Parrotfish,Sparisoma,S. chrysopertum ,1,Initial Phase,3
10/15/2020,IC-Z1,1,GP020217,1:48,Redtail Parrotfish,Sparisoma,S. chrysopertum ,1,Initial Phase,2
10/15/2020,IC-Z1,1,GP080217,7:26,Redtail Parrotfish,Sparisoma,S. chrysopertum ,1,Terminal Phase,1
10/15/2020,IC-Z1,2,GP012103,0:15,Bicolor Damselfish,Stegastes,S. partitus,1,Adult,2
10/15/2020,IC-Z1,2,GP012103,2:13,Bicolor Damselfish,Stegastes,S. partitus,1,Adult,2
10/15/2020,IC-Z1,2,GP012103,3:50,Yellowtail Parrotfish,Sparisoma,S. rubripinne,1,Initial Phase,5
10/15/2020,IC-Z1,2,GP012103,3:56,Redtail Parrotfish,Sparisoma,S. chrysopertum ,1,Initial Phase,5
10/15/2020,IC-Z1,2,GP012103,4:06,Redtail Parrotfish,Sparisoma,S. chrysopertum ,1,Terminal Phase,"1,2,3"
10/15/2020,IC-Z1,2,GP012103,4:27,Stoplight Parrotfish ,Sparisoma,S. viride,1,Initial Phase,3
10/15/2020,IC-Z1,2,GP012103,5:06,Bicolor Damselfish,Stegastes,S. partitus,1,Adult,2
10/15/2020,IC-Z1,2,GP012103,5:23,Bicolor Damselfish,Stegastes,S. partitus,1,Adult,2
10/15/2020,IC-Z1,2,GP012103,5:24,Redtail Parrotfish,Sparisoma,S. chrysopertum ,1,Initial Phase,"1,2,3"
10/15/2020,IC-Z1,2,GP012103,5:37,Redtail Parrotfish,Sparisoma,S. chrysopertum ,1,Terminal Phase,"3,4"
10/15/2020,IC-Z1,2,GP012103,5:47,Redband Parrotfish ,Sparisoma,S. aurofrenatum ,1,Initial Phase,3
10/15/2020,IC-Z1,2,GP012103,7:07,Redtail Parrotfish,Sparisoma,S. chrysopertum ,1,Terminal Phase,3
10/15/2020,IC-Z1,2,GP012103,7:14,Bicolor Damselfish,Stegastes,S. partitus,1,Adult,1
10/15/2020,IC-Z1,2,GP012103,7:43,Bicolor Damselfish,Stegastes,S. partitus,1,Adult,2
10/15/2020,IC-Z1,2,GP012103,7:50,Redtail Parrotfish,Sparisoma,S. chrysopertum ,1,Terminal Phase,3
10/15/2020,IC-Z1,2,GP022103,9:27,Yellowtail Parrotfish,Sparisoma,S. rubripinne,1,Initial Phase,5
10/15/2020,IC-Z1,2,GP052103,5:11,Redtail Parrotfish,Sparisoma,S. chrysopertum ,1,Terminal Phase,"1,4"
10/15/2020,IC-Z2,1,GOPR9933,6:10,Ocean Surgeonfish,Acanthurus,A. bahianus ,1,Adult,3
10/15/2020,IC-Z2,1,GP019933,11:37,Yellowtail Parrotfish,Sparisoma,S. rubripinne,1,Initial Phase,1
10/15/2020,IC-Z2,1,GP029933,1:21,Redtail Parrotfish,Sparisoma,S. chrysopertum ,1,Terminal Phase,"1,3"
10/15/2020,IC-Z2,1,GP029933,2:42,Redband Parrotfish ,Sparisoma,S. aurofrenatum ,1,Terminal Phase,1
10/15/2020,IC-Z2,1,GP029933,3:41,Redband Parrotfish ,Sparisoma,S. aurofrenatum ,1,Juvinile/Initial Phase,1
10/15/2020,IC-Z2,1,GP029933,3:58,Redband Parrotfish ,Sparisoma,S. aurofrenatum ,1,Juvinile/Initial Phase,2
10/15/2020,IC-Z2,1,GP029933,9:03,Beauregory,Stegastes,S. leucostictus ,1,Adult,3
10/15/2020,IC-Z2,1,GP039933,0:57,Beauregory,Stegastes,S. leucostictus ,1,Adult,2
10/15/2020,IC-Z2,1,GP039933,3:21,Redband Parrotfish ,Sparisoma,S. aurofrenatum ,1,Juvinile/Initial Phase,3
10/15/2020,IC-Z2,1,GP039933,4:39,Beauregory,Stegastes,S. leucostictus ,1,Adult,2
10/15/2020,IC-Z2,1,GP039933,5:19,Beauregory,Stegastes,S. leucostictus ,1,Adult,3
10/15/2020,IC-Z2,1,GP039933,6:20,Beauregory,Stegastes,S. leucostictus ,1,Adult,3
10/15/2020,IC-Z2,1,GP039933,6:46,Beauregory,Stegastes,S. leucostictus ,1,Adult,"2,3"
10/15/2020,IC-Z2,1,GP039933,8:09,Redband Parrotfish ,Sparisoma,S. aurofrenatum ,1,Juvinile/Initial Phase,2
10/15/2020,IC-Z2,1,GP039933,8:23,Yellowtail Parrotfish,Sparisoma,S. rubripinne,1,Initial Phase,"1,2,3"
10/15/2020,IC-Z2,1,GP039933,8:27,Yellowtail Parrotfish,Sparisoma,S. rubripinne,1,Initial Phase,"1,2"
10/15/2020,IC-Z2,1,GP039933,8:30,Yellowtail Parrotfish,Sparisoma,S. rubripinne,1,Initial Phase,"3,5"
10/15/2020,IC-Z2,1,GP039933,8:35,Yellowtail Parrotfish,Sparisoma,S. rubripinne,1,Initial Phase,5
10/15/2020,IC-Z2,1,GP039933,8:37,Yellowtail Parrotfish,Sparisoma,S. rubripinne,1,Initial Phase,1
10/15/2020,IC-Z2,1,GP039933,8:38,Yellowtail Parrotfish,Sparisoma,S. rubripinne,1,Initial Phase,2
10/15/2020,IC-Z2,1,GP039933,8:47,Yellowtail Parrotfish,Sparisoma,S. rubripinne,1,Initial Phase,5
10/15/2020,IC-Z2,1,GP039933,9:06,Yellowtail Parrotfish,Sparisoma,S. rubripinne,1,Initial Phase,1
10/15/2020,IC-Z2,1,GP059933,1:42,Blue Parrotfish,Scarus,S. coeruleus,1,Initial Phase,3
10/15/2020,IC-Z2,1,GP059933,8:14,Yellowtail Parrotfish,Sparisoma,S. rubripinne,1,Initial Phase,5
10/15/2020,IC-Z2,1,GP059933,11:20,Yellowtail Parrotfish,Sparisoma,S. rubripinne,1,Initial Phase,5
10/15/2020,IC-Z2,2,GOPR0185,6:30,Yellowtail Parrotfish,Sparisoma,S. rubripinne,1,Initial Phase,"3,5"
10/15/2020,IC-Z2,2,GOPR0185,6:51,Yellowtail Parrotfish,Sparisoma,S. rubripinne,1,Initial Phase,"3,4"
10/15/2020,IC-Z2,2,GOPR0185,7:16,Yellowtail Parrotfish,Sparisoma,S. rubripinne,1,Initial Phase,"1,2"
10/15/2020,IC-Z2,2,GOPR0185,9:08,Yellowtail Parrotfish,Sparisoma,S. rubripinne,1,Initial Phase,1
10/15/2020,IC-Z2,2,GOPR0185,9:16,Yellowtail Parrotfish,Sparisoma,S. rubripinne,1,Initial Phase,"3,4"
10/15/2020,IC-Z2,2,GOPR0185,10:07,Yellowtail Parrotfish,Sparisoma,S. rubripinne,1,Initial Phase,"3,4"
10/15/2020,IC-Z2,2,GOPR0185,11:25,Yellowtail Parrotfish,Sparisoma,S. rubripinne,1,Initial Phase,"1,3,4"
10/15/2020,IC-Z2,2,GP010185,0:45,Yellowtail Parrotfish,Sparisoma,S. rubripinne,1,Initial Phase,3
10/15/2020,IC-Z2,2,GP010185,1:09,Yellowtail Parrotfish,Sparisoma,S. rubripinne,1,Initial Phase,4
10/15/2020,IC-Z2,2,GP010185,7:02,Yellowtail Parrotfish,Sparisoma,S. rubripinne,1,Initial Phase,1
6/12/2021,IC-C3,1,GH012197,10:52,Redtail Parrotfish,Sparisoma,S. chrysopertum ,1,Initial Phase,5
6/12/2021,IC-C3,1,GH032197,9:57,Redband Parrotfish ,Sparisoma,S. aurofrenatum ,1,Juvinile/Initial Phase,3
6/12/2021,IC-C3,1,GH042197,6:46,Redband Parrotfish ,Sparisoma,S. aurofrenatum ,1,Juvinile Phase,1
6/12/2021,IC-C3,2,GH013572,4:09,Bicolor Damselfish,Stegastes,S. partitus,1,Adult,3
6/12/2021,IC-C3,2,GH013572,7:15,Yellowtail Parrotfish,Sparisoma,S. rubripinne,1,Initial Phase,5
6/12/2021,IC-C3,2,GH013572,7:34,Yellowtail Parrotfish,Sparisoma,S. rubripinne,1,Initial Phase,2
6/12/2021,IC-C3,2,GH023572,8:09,Redband Parrotfish ,Sparisoma,S. aurofrenatum ,1,Juvinile/Initial Phase,2
6/12/2021,IC-C3,2,GH033572,5:39,Yellowtail Parrotfish,Sparisoma,S. rubripinne,1,Initial Phase,4
6/12/2021,IC-C3,2,GH043572,11:45,Yellowtail Parrotfish,Sparisoma,S. rubripinne,1,Initial Phase,4
6/12/2021,IC-C3,2,GH053572,1:16,Yellowtail Parrotfish,Sparisoma,S. rubripinne,1,Initial Phase,1
6/12/2021,IC-C3,2,GH063572,2:25,Yellowtail Parrotfish,Sparisoma,S. rubripinne,1,Initial Phase,"3,4,5"
6/12/2021,IC-C3,2,GH063572,8:18,Yellowtail Parrotfish,Sparisoma,S. rubripinne,1,Initial Phase,"2,3"
6/12/2021,IC-C3,2,GH093572,1:25,Redband Parrotfish ,Sparisoma,S. aurofrenatum ,1,Juvinile/Initial Phase,3
6/15/2021,IC-U3,1,GOPR0001,11:10,Bicolor Damselfish,Stegastes,S. partitus,1,Adult,3
6/15/2021,IC-U3,1,GP010001,5:44,Redband Parrotfish ,Sparisoma,S. aurofrenatum ,1,Initial Phase,5
6/15/2021,IC-U3,1,GP010001,6:13,Redband Parrotfish ,Sparisoma,S. aurofrenatum ,1,Initial Phase,5
6/15/2021,IC-U3,1,GP050001,6:09,Redband Parrotfish ,Sparisoma,S. aurofrenatum ,1,Juvinile Phase,3
